date,week,kind,medical,name,time
2026-09-01,火曜日,1,指定なし,済生会今治病院,08:30～翌08:30
2026-09-02,水曜日,1,指定なし,県立今治病院,"08:30～17:15 / 22:30～翌08:30"
2026-09-02,水曜日,1,指定なし,今治セントラルクリニック,17:15～22:30
2026-09-03,木曜日,1,指定なし,今治第一病院,08:30～翌08:30
2026-09-04,金曜日,1,指定なし,木原病院,08:30～翌08:30
2026-09-05,土曜日,1,指定なし,竹内外科胃腸科,08:30～17:30
2026-09-05,土曜日,1,指定なし,医師会市民病院,17:30～翌08:30
2026-09-05,土曜日,4,整形外科,三木病院,08:30～17:30
2026-09-06,日曜日,1,指定なし,医師会市民病院,08:30～翌08:30
2026-09-06,日曜日,7,小児科,県立今治病院,"09:00～12:00 / 14:00～17:00"
2026-09-06,日曜日,9,指定なし,大三島中央病院,09:00～17:00
2026-09-07,月曜日,1,指定なし,瀬戸内海病院,08:30～翌08:30
2026-09-08,火曜日,1,指定なし,今治第一病院,08:30～翌08:30
2026-09-09,水曜日,1,指定なし,木原病院,08:30～翌08:30
2026-09-10,木曜日,1,指定なし,済生会今治病院,08:30～翌08:30
2026-09-11,金曜日,1,指定なし,県立今治病院,08:30～翌08:30
2026-09-12,土曜日,1,指定なし,瀬戸内海病院,08:30～17:30
2026-09-12,土曜日,1,指定なし,医師会市民病院,17:30～翌08:30
2026-09-13,日曜日,1,指定なし,医師会市民病院,08:30～翌08:30
2026-09-13,日曜日,5,内科,医師会市民病院,09:00～17:30
2026-09-13,日曜日,7,小児科,医師会市民病院,"09:00～12:00 / 14:00～17:00"
2026-09-13,日曜日,9,指定なし,斎藤クリニック,09:00～17:00
2026-09-14,月曜日,1,指定なし,広瀬病院,08:30～翌08:30
2026-09-15,火曜日,1,指定なし,済生会今治病院,08:30～翌08:30
2026-09-16,水曜日,1,指定なし,今治第一病院,08:30～翌08:30
2026-09-17,木曜日,1,指定なし,県立今治病院,"08:30～17:15 / 22:30～翌08:30"
2026-09-17,木曜日,1,指定なし,消化器科久保病院,17:15～22:30
2026-09-18,金曜日,1,指定なし,木原病院,08:30～翌08:30
2026-09-19,土曜日,1,指定なし,医師会市民病院,08:30～翌08:30
2026-09-20,日曜日,1,指定なし,瀬戸内海病院,08:30～翌08:30
2026-09-20,日曜日,7,小児科,済生会今治病院,"09:00～12:00 / 14:00～17:00"
2026-09-20,日曜日,9,指定なし,片山医院,09:00～17:00
2026-09-21,祝日,1,指定なし,今治第一病院,08:30～翌08:30
2026-09-21,祝日,7,小児科,あおい小児科,"09:00～12:00 / 14:00～17:00"
2026-09-21,祝日,9,指定なし,はかた外科胃腸科,09:00～17:00
2026-09-22,祝日,1,指定なし,県立今治病院,08:30～翌08:30
2026-09-22,祝日,7,小児科,丹こどもクリニック,"09:00～12:00 / 14:00～17:00"
2026-09-22,祝日,9,指定なし,しのざき整形外科,09:00～17:00
2026-09-23,祝日,1,指定なし,済生会今治病院,08:30～翌08:30
2026-09-23,祝日,7,小児科,みぶ小児科,"09:00～12:00 / 14:00～17:00"
2026-09-23,祝日,9,指定なし,喜多嶋診療所,09:00～17:00
2026-09-24,木曜日,1,指定なし,木原病院,08:30～翌08:30
2026-09-25,金曜日,1,指定なし,今治第一病院,08:30～翌08:30
2026-09-26,土曜日,1,指定なし,瀬戸内海病院,08:30～17:30
2026-09-26,土曜日,1,指定なし,医師会市民病院,17:30～翌08:30
2026-09-27,日曜日,1,指定なし,医師会市民病院,08:30～翌08:30
2026-09-27,日曜日,5,内科,医師会市民病院,09:00～17:30
2026-09-27,日曜日,7,小児科,医師会市民病院,"09:00～12:00 / 14:00～17:00"
2026-09-27,日曜日,9,指定なし,有津むらかみクリニック,09:00～17:00
2026-09-28,月曜日,1,指定なし,広瀬病院,08:30～翌08:30
2026-09-29,火曜日,1,指定なし,県立今治病院,08:30～翌08:30
2026-09-30,水曜日,1,指定なし,木原病院,08:30～翌08:30
